Catégorie;Code;Dénomination;Unité;Déboursé HT (€);Note
"Charpente";"";"Forfait coupes divers";"F";"455";""
"Charpente";"";"Forfait élévateur";"F";"850";""
"Charpente";"";"Fourniture et pose de charpente traditionnelle";"M²";"97.75";""
"Charpente";"Charpente ";"Fourniture et pose de chevrons et poutres bois pour réparation de toiture";"F";"1250";""
"Charpente";"";"Fourniture et pose de couloir Zinc ";"ML";"55.25";""
"Charpente";"";"Fourniture et pose de descentes ALU";"ML";"29.75";""
"Charpente";"";"Fourniture et pose de faitage posés à sec";"ML";"42.5";""
"Charpente";"";"Fourniture et pose de fronton ou about de faitage";"2";"56";""
"Charpente";"";"Fourniture et pose de gouttières ALU";"ML";"29.75";""
"Charpente";"";"Fourniture et pose de lambris PVC";"m²";"44";""
"Charpente";"";"Fourniture et pose de lambris PVC en débord de toiture ";"F";"244.8";""
"Charpente";"Charpente ";"Fourniture et pose de liteaux 30x40 support de couverture tuiles";"m²";"6";""
"Charpente";"";"Fourniture et pose de pare pluie";"M²";"6.8";""
"Charpente";"";"Fourniture et pose de pare pluie";"m²";"6.8";""
"Charpente";"";"Fourniture et pose de planches de rives PVC";"ML";"32";""
"Charpente";"";"Fourniture et pose de planches de rives PVC (uniquement à l'égout)";"ML";"35.7";""
"Charpente";"";"Fourniture et pose de tuile chatière et tuile à douille";"U";"125";""
"Charpente";"";"Fourniture et pose de tuiles Canal de chez TERREAL ";"M²";"38.25";""
"Charpente";"";"Fourniture et pose de tuiles DC12 de chez TERREAL";"m²";"44";""
"Charpente";"";"Fourniture et pose de tuiles de rives";"ML";"42.5";""
"Démolition";"";"Abatage et déssouchage d'arbres";"U";"500";""
"Démolition";"";"Dépose conduit de cheminée compris évacuation";"F";"685";""
"Démolition";"";"Dépose de cloture existantes ";"ml";"21";""
"Démolition";"";"Dépose de couverture avec évacuation en décharge ";"m²";"25";""
"Démolition";"";"Dépose de la charpente au droit de la poutre abîmée";"F";"750";""
"Démolition";"";"Dépose et évacuation carrelage existant";"m²";"0";""
"Démolition";"";"Dépose et évacuation du doublage existant";"m²";"15";""
"Démolition";"";"Dépose et évacuation margelle existante";"ml";"21";""
"Démolition";"";"Dépose gouttière et descente ";"F";"350";""
"Démolition";"";"Dépose menuiserie existante et évacuation";"U";"50";""
"Démolition";"Démolition ";"Dépose planche de rive et lambris compris évacuation ";"F";"385";""
"Démolition";"";"Sciage du béton ";"ml";"10";""
"Gros Oeuvre";"Gros oeuvre";"Acrotères BA";"m²";"78.4";""
"Gros Oeuvre";"GO";"Ajustement du niveau de la dalle du local surpresseur comprenant:
- le remplissage de la fosse en béton allégé;
- la dalle de compression en béton armé finition lissée en";"m2";"1500";""
"Gros Oeuvre";"Gros œuvre";"Appuis et seuil BA";"U";"120";""
"Gros Oeuvre";"Gros oeuvre";"Appuis et seuil BA ";"U";"108";""
"Gros Oeuvre";"Gros oeuvre";"Arase étanche ";"ml";"21.6";""
"Gros Oeuvre";"Gros œuvre";"Bande de redressement ";"U";"62.4";""
"Gros Oeuvre";"GO";"Bêches de blocage du hérisson des zones extérieures (profondeur minimale de 50 cm), comprenant :
- le terrassement en rigole avec l'évacuation des terres ;
-le béton armé dosé à 300 kg, y compris le coffrage et les armatures.";"ml";"10.66";""
"Gros Oeuvre";"Gros oeuvre";"Béton de fondation semelles filantes SF40";"m3";"304.92";""
"Gros Oeuvre";"GO";"Béton désactivé, travaux comprenant :
- lit de sable de 5 d’épaisseur tiré à la règle, roulé et compacté uniformément donnant une forme de pente vers l’extérieur pour évacuation des eaux de pluies ;
- travaux préparatoires, fourniture et mise en œuvre du béton (couleur des graviers de Garonne) pour une dalle de 8 cm d’épaisseur, compris l'épandage du béton, la vibration du béton, le surfaçage du béton;
-  la pulvérisation du produit désactivant ;
-  le nettoyage au jet haute pression.
- confection des joints de retrait moulés dans le béton frais, de 5 mm d'épaisseur minimale sur 1/3 de la hauteur de la dalle par incorporation d'un profilé spécial en plastique.";"m2";"38";""
"Gros Oeuvre";"Gros œuvre";"Béton fondations semellle filantes SF 40";"M3";"272.64";""
"Gros Oeuvre";"Gros oeuvre";"Blocs à bancher VPP";"m²";"78.4";""
"Gros Oeuvre";"Gros œuvre";"Calibric TH VPP";"M²";"49.6";""
"Gros Oeuvre";"Gros oeuvre";"Canalisation EU PVC diam 100 pour évac garage";"F";"942";""
"Gros Oeuvre";"GO";"Carottage dalle diamètre 40 mm pour passage d'évacuation EU";"U";"760";""
"Gros Oeuvre";"Gros oeuvre";"Ceinture béton pour pose des margelles";"F";"840";""
"Gros Oeuvre";"Gros oeuvre";"Coffrage, ferraillage, coulage balcon compris IPN";"F";"2859.5";""
"Gros Oeuvre";"Gros œuvre";"Coffres volet roulant intégrés à la maçonnerie";"ML";"228";""
"Gros Oeuvre";"GO";"Condamnation de porte par blocs parpaings pleins CF1h00 joints ciment sur arase étanche";"m2";"34";""
"Gros Oeuvre";"GO";"Construction d'une cloison séparative en briques de terre cuite, joints ciment, sur arase étanche";"U";"48";""
"Gros Oeuvre";"GO";"Construction d'un mur séparatif en blocs de parpaings pleins CF 1h joints ciment sur arase étanche compris réservation pour porte des toilettes.";"m2";"861.31";""
"Gros Oeuvre";"GO";" Couche de base en grave naturelle 0/20 sur 0,15 m d'épaisseur, épaisseur moyenne après compactage, exempts d’argile et de débris végétaux.";"m2";"9";""
"Gros Oeuvre";"GO";"Couche de fondation en grave alluvionnaire 0/80 sur 0,30 m d'épaisseur, épaisseur moyenne après compactage, compris épandage, réglage, compactage, arrosage éventuel.";"m2";"16";""
"Gros Oeuvre";"Gros oeuvre";"Création de marche accès garage ou rampe";"F";"427.5";""
"Gros Oeuvre";"Gros oeuvre";"Création de rampe accès sur dalle";"F";"1687.5";""
"Gros Oeuvre";"Gros œuvre";"Création de sommier béton pour charpente";"F";"348";""
"Gros Oeuvre";"Gros oeuvre";"Dallage sur terre plein";"m2";"85";""
"Gros Oeuvre";"Gros œuvre";"Décapage -50 cm/ dalle existante";"M3";"24.96";""
"Gros Oeuvre";"Gros oeuvre";"Décapage pour agrandissement de la plage de piscine compris evacuation de terre";"m²";"15";""
"Gros Oeuvre";"GO";"Découpe de l'enrobé et sciage des bordures selon plans";"m2";"50.78";""
"Gros Oeuvre";"GO";"Démolition de mur de rebouchage épaisseur 20 cm, pour création de porte";"m2";"108";""
"Gros Oeuvre";"GO";"Démolition de plots béton de support de surpresseur";"Ens.";"2000";""
"Gros Oeuvre";"Gros oeuvre";"Démotition et évacuation mur existant compris fondation";"F";"1310.4";""
"Gros Oeuvre";"GO";"Dépose complète du portail coulissant, portillon et clôture existants sur emprise du projet et évcuation en décharge spécialisée.";"Ens.";"50.5";""
"Gros Oeuvre";"GO";"Dépose de cloison et porte de fermeture des toilettes, et du bâti évier et évacuation en décharge spécialisée";"Ens.";"78";""
"Gros Oeuvre";"GO";"Dépose des portes tôles des locaux V.O. (portes 1 vantail) et local ménage (porte 2 vantaux) et évacuation en décharges spécialisées";"U";"48.09";""
"Gros Oeuvre";"Gros oeuvre";"Dépose et évacuation de la fosse sceptique";"F";"295";""
"Gros Oeuvre";"GO";"Enduit ciment lissé à la taloche sur deux faces";"m2";"750";""
"Gros Oeuvre";"Gros oeuvre";"Enduit d'imperméabilisation ";"m²";"20.7";""
"Gros Oeuvre";"GO";"Epandage de terre végétale, avec terre mise en dépôt lors des décapages de sol prévus  article ‘Décapage de la terre végétale’ (1.3.1.) du présent lot.
La répartition de la terre sera faite suivant les prescriptions du Maître d’Œuvre.";"Ens";"1";""
"Gros Oeuvre";"Gros oeuvre";"Evacuation au fossé existant";"F";"590";""
"Gros Oeuvre";"GO";" Evacuation des déblais excédentaires de toute nature";"Ens";"1";""
"Gros Oeuvre";"Gros œuvre";"Evacuations de terre avec dumper";"M3";"68.16";""
"Gros Oeuvre";"GO";"Fouilles en puits à la tarière ";"U";"1";""
"Gros Oeuvre";"GO";"Fouilles en tranchées, descendues sur bon sol et hors gel, suivant étude ingénieur béton.";"ml";"1";""
"Gros Oeuvre";"Gros oeuvre";"Fourniture et pose de caniveau à grille ";"ml";"135";""
"Gros Oeuvre";"Gros oeuvre";"Fourniture et pose de chapeau béton gris plat";"ml";"45";""
"Gros Oeuvre";"Gros oeuvre";"Fourniture et pose de delta MS ";"m²";"18.9";""
"Gros Oeuvre";"Gros oeuvre";"Fourniture et pose de géotextile";"m²";"8";""
"Gros Oeuvre";"Gros oeuvre";"Fourniture et pose de natte drainante";"m²";"70";""
"Gros Oeuvre";"Gros oeuvre";"Fourniture et pose de regard à grille ";"U";"300";""
"Gros Oeuvre";"GO";"Fourniture et pose de trappe CF1/2h 600x600 mm";"U";"24";""
"Gros Oeuvre";"Gros oeuvre";"Fourniture et pose d'IPN";"ml";"125";""
"Gros Oeuvre";"Gros oeuvre";"Fourniture et pose d'un drain agricole en pied de mur ";"ml";"36.9";""
"Gros Oeuvre";"GO";"Fourniture et pose d'une porte bois CF 1h00 équipée d'un ferme-porte et compris toute quincaillerie, serrure à condamnation, béquilles et platines et butoir.";"U";"65";""
"Gros Oeuvre";"GO";"Fourreaux en PVC-U de 45 x 1,8 avec aiguille de tirage, fournis et posés en extérieur dans tranchée avec enrobage de sable et grillage avertisseur.";"ml";"1";""
"Gros Oeuvre";"Gros oeuvre";"Fourreaux sous dallage";"F";"328.5";""
"Gros Oeuvre";"GO";"Gravillonnage, pour marquage tactile composé de gravillons fixés dans résine. Epaisseur inférieure à 10 mm, coloris au choix du maitre d’oeuvre.";"U";"110";""
"Gros Oeuvre";"GO";"Longrines coulées en place";"ml";"20.17";""
"Gros Oeuvre";"Gros oeuvre";"Maçonnerie B40 ";"m²";"66";""
"Gros Oeuvre";"Gros oeuvre";"Mise en œuvre de couche de forme";"m²";"25";""
"Gros Oeuvre";"";"Mise en place de matériel pour travail en hauteur";"F";"450";""
"Gros Oeuvre";"Gros oeuvre";"Mortier de réparation ";"m²";"28";""
"Gros Oeuvre";"GO";"Nappe matériaux non tissés ‘géotextile’, type ‘Bidim’ ou équivalent";"m2";"141";""
"Gros Oeuvre";"GO";"Percement dans maçonnerie pour création d'une réservation 60x40 cm pour la ventilation haute des locaux V.O.";"U";"430";""
"Gros Oeuvre";"Gros oeuvre";"Plancher poutrelle hourdis béton";"m²";"94.5";""
"Gros Oeuvre";"Gros oeuvre";"Plancher poutrelle hourdis polystèrene";"m²";"94.5";""
"Gros Oeuvre";"Gros oeuvre";"Plus-value bande noyée";"F";"275";""
"Gros Oeuvre";"Gros oeuvre";"Plus-value BRH";"F";"1071";""
"Gros Oeuvre";"Gros oeuvre";"Plus-value chainage périphérique";"ml";"21.6";""
"Gros Oeuvre";"Gros oeuvre";"Plus-value coffrage de rive";"F";"474";""
"Gros Oeuvre";"Gros oeuvre";"Pose et raccordement fosse sceptique compris enrobage grains de riz";"F";"845";""
"Gros Oeuvre";"Gros oeuvre";"Poteau BA  30 x 30 x 180 cm ht";"U";"525";""
"Gros Oeuvre";"Gros oeuvre";"Poutre BA  70 x 60 cm ht";"m3";"725";""
"Gros Oeuvre";"GO";"Puits en béton armé pour ancrage potelets métalliques de clôture et portillons";"U";"19.74";""
"Gros Oeuvre";"Gros oeuvre";"PV arase";"ml";"19.8";""
"Gros Oeuvre";"Gros oeuvre";"PV coulage au longue distance";"F";"750";""
"Gros Oeuvre";"Gros œuvre";"PV coulage au longue distance";"F";"680";""
"Gros Oeuvre";"Gros œuvre";"PV planelle brique RP =1,00";"ML";"15.36";""
"Gros Oeuvre";"Gros œuvre";"PV raidisseur horizontal";"ML";"26.88";""
"Gros Oeuvre";"Gros œuvre";"PV raidisseur vertical";"ML";"24";""
"Gros Oeuvre";"Gros œuvre";"PV raidisseur Vertical";"ML";"24";""
"Gros Oeuvre";"Gros œuvre";"Raccordement au réseau principal";"F";"784";""
"Gros Oeuvre";"Gros oeuvre";"Raccordement du drain au réseau existant ";"F";"310.5";""
"Gros Oeuvre";"Gros œuvre";"Ragréage finitions et sous enduits ";"F";"360";""
"Gros Oeuvre";"Gros oeuvre";"Raidisseur BA";"ml";"25.2";""
"Gros Oeuvre";"GO";"Régalage de terre végétale. Travaux comprenant le nivellement du terrain, le cassage des mottes de terre et le d’épierrement suivant besoins, pour obtenir un profil régulier.";"Ens";"1";""
"Gros Oeuvre";"Gros œuvre";"Remblaie périphérique";"F";"247";""
"Gros Oeuvre";"Gros oeuvre";"Remblai périphérique en matériaux noble";"F";"789.75";""
"Gros Oeuvre";"Gros oeuvre";"Remblais des déblais inertes stockés";"m3";"30";""
"Gros Oeuvre";"GO";"Repliement du matériel, nettoyage final et évacuation des gravats et déchets en décharges spécialisées, DOE, Notes de calculs, Plans de récolement";"F";"5.5";""
"Gros Oeuvre";"GO";"Reprise des feuillures suite à dépose des portes et selon caractéristiques attendues par le lot Menuiseries extérieures - Serrurerie";"Ens.";"41";""
"Gros Oeuvre";"Gros oeuvre";"Reprise du jambage suite dépose ";"U";"100";""
"Gros Oeuvre";"Gros œuvre";"Réseaux sous dallage";"F";"520";""
"Gros Oeuvre";"Gros œuvre";"Soubassement B80 ht 40 cm";"M²";"55.68";""
"Gros Oeuvre";"Gros oeuvre";"Sous-enduit de finition extérieur";"m²";"22.5";""
"Gros Oeuvre";"GO";"Taille et/ou arrachage et évacuation des arbustes et remise en plantation d'arbustes pour mise en place des clôture rigides";"Ens";"1";""
"Gros Oeuvre";"Gros oeuvre";"Terrassement dallage garage";"F";"1485";""
"Gros Oeuvre";"Gros oeuvre";"Terrassement fondation manuel";"F";"494.1";""
"Gros Oeuvre";"Gros oeuvre";"Terrassement fondation mur";"m3";"74.34";""
"Gros Oeuvre";"Gros œuvre";"Terrassement fondations avec petit engins";"M3";"140";""
"Gros Oeuvre";"Gros œuvre";"Traitement des joints de dilatations ";"F";"194.4";""
"Electricité";"";"Création,fourniture,pose et raccordement de 6
points lumineux en plafonnier commandé par un 
interrupteur simple allumage";"U";"230";""
"Electricité";"";"Création,fourniture,pose et raccordement de
trois points lumineux commandé par un interrupteur simple";"U";"170";""
"Electricité";"";"Création,fourniture,pose et raccordement de trois points lumineux en plafonnier commandé par deux
interrupteur va et vient";"U";"200";""
"Electricité";"";"Création,fourniture,pose et raccordement d’une prise
RJ45 dépuis le tableau de communication";"U";"150";""
"Electricité";"";"Création, fourniture, pose et raccordement d'une prise USB/USBC";"U";"130";""
"Electricité";"";"Forfait dépose et mise en sécurité de l’installation existante";"U";"200";""
"Electricité";"";"Fourniture et pose d’une gaine en attente pour arrivée fibre";"U";"150";""
"Electricité";"";"Fourniture et pose d'un radiateur à inertie 1000W";"U";"273";""
"Electricité";"";"Fourniture et pose d'un sèche serviette électrique ";"U";"260";""
"Electricité";"";"Fourniture et pose d'un tableau 4 rangées ";"F";"2225";""
"Electricité";"";"Fourniture, pose et raccordement de 1 applique";"U";"195";""
"Electricité";"";"Fourniture, pose et raccordement de 2 points lumineux commandé par 2 interrupteur va et vient";"U";"312";""
"Electricité";"";"Fourniture, pose et raccordement de 3 points lumineux commandé par 2 interrupteur va et vient";"U";"338";""
"Electricité";"";"Fourniture, pose et raccordement de  points lumineux commandé par un interrupteur double";"U";"130";""
"Electricité";"";"Fourniture, pose et raccordement de  points lumineux commandé par un interrupteur va et vient";"U";"150";""
"Electricité";"";"Fourniture, pose et raccordement de prise de courant 2P +T double";"U";"169";""
"Electricité";"";"Fourniture, pose et raccordement de prise de courant 2P+T double";"U";"130";""
"Electricité";"";"Fourniture, pose et raccordement de spots étanche commandé par un interrupteur simple";"U";"61.43";""
"Electricité";"";"Fourniture, pose et raccordement de spots leds";"U";"40";""
"Electricité";"";"Fourniture, pose et raccordement d'une prise de courant 2P +T";"U";"156";""
"Electricité";"";"Fourniture, pose et raccordement d'un point lumineux commandé par prise simple ";"U";"247";""
"Electricité";"";"Fourniture, pose et raccordement d'un point lumineux en applique commandé par un interrupteur simple";"U";"110";""
"Electricité";"";"Fourniture, pose et raccordement  d'un point lumineux en applique commandé par un interrupteur va et vient";"U";"150";""
"Electricité";"";"Fourniture,pose et raccordement d’un tableau de
communication avec emplacement de boxe";"U";"300";""
"Electricité";"";"Fourniture, tirage d'alimentation pour sèche serviette";"U";"195";""
"Electricité";"";"Fourniture, tirage d'une alimentation pour VMC";"U";"195";""
"Menuiserie Ext";"Mext";"Fourniture de porte d'entrée loison Aluminium 900x2150 mm (modèle à confirmé)";"U";"1725.3";""
"Menuiserie Ext";"Mext";"Fourniture et pose de moustiquaire PVC 120 x 74 : 
- Toile en fibre de verre noire 
- Couleur profilés : RAL 7016 Satinée
- Enroulement intérieur";"U";"172";""
"Menuiserie Ext";"Mext";"Fourniture et pose de moustiquaire velux";"U";"230";""
"Menuiserie Ext";"Mext";"Fourniture menuiserie PVC 120x74 :
- Gamme NEO PRESTIGE 2
- Localisation : Cuisine
- RAL 7016
- Pose en applique
- Grille de ventilation auto-régulée 1 sur 2
- Uw = à 1.5W/m².K
- Sw = à 0.48
- Dormant 140
- Vitrage 4/20/4 LowE
- Ensemble du chassis : Vitrage LowE avec intercalaire Warm-Edge + ARGON
- Poignée tombante, coloris alu brossé
- Avec Pare-empête";"U";"322";""
"Menuiserie Ext";"Mext";"Fourniture menuiserie pvc 2500x1150 3 vantaux compris volet extérieur motorisé";"U";"2297.7";""
"Menuiserie Ext";"Mext";"Fourniture menuiserie pvc blanc compris volet extérieur motorisé
Localisation : Cuisine/ Séjour";"U";"812.7";""
"Menuiserie Ext";"Mext";"Fourniture menuiserie pvc blanc
Localisation : Sdb/ WC";"U";"465.75";""
"Menuiserie Ext";"Mext";"Pose de menuiseries";"U";"150";""
"Menuiserie Ext";"Mext";"Pose de menuiseries compris volet";"U";"245";""
"Menuiserie Int";"Mint";"Fourniture et pose de blocs portes isoplanes 83 cm x 204 cm compris quincailleries ";"U";"250";""
"Menuiserie Int";"Mint";"Fourniture et pose de Porte coulissante prépeinte acoustique 43db avec habillage acoustique couvre-joints intégrés et plinthes auto 204 ht x 123 larg";"m²";"1850";""
"Menuiserie Int";"Mint";"Réalisation de l'habillage du batî support sanitaire suspendu avec plaque haute dureté HABITO";"F";"255";""
"Plâtrerie";"Platrerie";"Fourniture et pose de blocs portes ISOPLANE AMES PLEINES ";"U";"305";""
"Plâtrerie";"Platrerie";"Fourniture et pose de laine de verre GR32 en  120 mm";"m²";"21";""
"Plâtrerie";"Platrerie";"Fourniture et pose de porte coulissante ";"U";"605";""
"Plâtrerie";"Platrerie";"Fourniture et pose de trappe de visite 30 x 30 laquée blanc ";"F";"125";""
"Plâtrerie";"Platrerie";"Fourniture et pose d'un isolant alvéolaire hybris en 105 mm R=4,00 K/W";"m²";"19";""
"Plâtrerie";"Platrerie";"Fourniture et pose d'un isolant alvéolaire hybris en 60 + 125 mm R=6,10 K/W";"m²";"19";""
"Plâtrerie";"Platrerie";"Fourniture et pose d'un isolant laine de verre 200 mm R=6,00 K/W";"m²";"36";""
"Plâtrerie";"";"Plus value pour plaques hydrofuges "Pièces humides"";"m²";"5";""
"Plâtrerie";"";"Plus value pour plaques phonique ";"m²";"7";""
"Plâtrerie";"Platrerie";"Réalisation de cloison séparative en 100 mm avec pose de plaques de plâtre BA 13 pour pose de porte à galandage";"m²";"38";""
"Plâtrerie";"Platrerie";"Réalisation de cloison séparative en 72/48 avec pose de plaques de plâtre BA13 vissées sur ossature métalique compris laine 45 mm";"m²";"41.5";""
"Plâtrerie";"Platrerie";"Réalisation de faux plafond suspendu rampant avec pose de BA13 vissées sur ossature métallique R+1";"m²";"35";""
"Plâtrerie";"Platrerie";"Réalisation de tête de lit 120 ht x 200 long x 20 cm ép ";"m²";"150";""
"Plâtrerie";"Platrerie";"Réalisation d'un doublage de mur par pose de plaque de plâtre BA13 vissées sur ossature métallique ";"m²";"41.5";""
"Plâtrerie";"Platrerie";"Traitement des joints de l'ensemble";"m²";"5";""
"Plomberie CVC";"";"Création des réseaux de distribution eau chaude et eau froide";"U";"900";""
"Plomberie CVC";"";"Création des réseaux de distribution eau chaude et eau froide";"U";"2400";""
"Plomberie CVC";"";"Dépose et pose de la climatisation";"F";"250";""
"Plomberie CVC";"";"Dispositif alimentation WC et robinet  avec EP cuve : 
- Compresseur 
- Filtre 
- Clapet anti-retour
- Flotteur";"U";"648";""
"Plomberie CVC";"";"Fourniture bati support et WC suspendu";"U";"444.15";""
"Plomberie CVC";"";"Fourniture de caniveau encastrable ";"U";"186";""
"Plomberie CVC";"";"Fourniture de receveur de douche 90 x 90";"U";"253.5";""
"Plomberie CVC";"";"Fourniture d'une paroi de baignoire amovible 105 x 140 cm";"U";"280";""
"Plomberie CVC";"";"Fourniture d'une paroi de douche";"U";"280";""
"Plomberie CVC";"";"Fourniture d'un mitigeur evier";"U";"50";""
"Plomberie CVC";"";"Fourniture d'un robinet de salle de bain";"U";"50";""
"Plomberie CVC";"";"Fourniture et pose d'un meuble double vasque compris mirroir";"U";"804.7";""
"Plomberie CVC";"";"Fourniture et pose d'un meuble simple vasque";"U";"450";""
"Plomberie CVC";"";"Fourniture et pose d'un robinet extérieur";"U";"245";""
"Plomberie CVC";"";"Fourniture et pose d'un système de VMC simple flux hydro B compris trappe de visite ou Extracteur d'air";"U";"1650";""
"Plomberie CVC";"";"Fourniture meuble lave main compris mitigeur";"U";"160";""
"Plomberie CVC";"";"Fourniture mirroir ";"U";"95";""
"Plomberie CVC";"";"Fourniture un ensemble barre de douche";"U";"155";""
"Plomberie CVC";"";"Fourniture un ensemble barre de douche";"U";"201.5";""
"Plomberie CVC";"";"Fourniture un ensemble barre de douche support et flexible";"U";"155";""
"Plomberie CVC";"";"Fourniture WC ";"U";"160";""
"Plomberie CVC";"";"Pose d'élément sanitaire :
- Siphon douche
- Pare douche
- Colonne de douche 
- Mitigeur 
- Meuble vasque 
- WC
- Lave main WC";"U";"1745";""
"Plomberie CVC";"";"Pose d'éléments sanitaires :
- Receveur
- Paroi de douche
- Colonne de douche 
- Mitigeur 
- Meuble vasque 
- WC";"U";"2745";""
"Plomberie CVC";"PLOMBERIE CVC";"Receveur céramique  l. 80 x L. 80 x h. 5,8 cm Ø de la bonde 90 mm";"1";"180";""
"Revêtement de sol";"Revêtements sols";"Fourniture dalle travertin 1,2 cm ép";"m²";"31";""
"Revêtement de sol";"Revêtements sols";"Fourniture dalle travertin 3 cm ép";"m²";"0";""
"Revêtement de sol";"Revêtements sols";"Fourniture de carrelage 60 x 60 cm";"m²";"35";""
"Revêtement de sol";"Revêtements sols";"Fourniture de carrelage R+1";"m²";"35";""
"Revêtement de sol";"Revêtements sols";"Fourniture de carrelage RDC";"m²";"35";""
"Revêtement de sol";"Revêtements sols";"Fourniture de margelle carrelée 60 x 30 x 2 cm";"ml";"24";""
"Revêtement de sol";"Revêtements sols";"Fourniture d'un parquet contre collé 35€/m² (max)";"m²";"35";""
"Revêtement de sol";"Revêtements sols";"Fourniture et pose de plinthes largeur 8cm en médium pré-peintes à bords droits";"ml";"17.5";""
"Revêtement de sol";"Revêtements sols";"Fourniture et pose de ragréage fibré P3 renforcé";"m²";"15";""
"Revêtement de sol";"Revêtements sols";"Fourniture margelle travertin 60 x 33 x 3 cm ép";"ml";"30";""
"Revêtement de sol";"Revêtements sols";"Pose dalle 1,2 cm ép compris jointement";"m²";"35";""
"Revêtement de sol";"Revêtements sols";"Pose dalle 3 cm ép compris jointement";"m²";"50";""
"Revêtement de sol";"Revêtements sols";"Pose du carrelage compris jointement ";"m²";"75";""
"Revêtement de sol";"Revêtements sols";"Pose du margelle compris jointement sur dalle existante";"ml";"28";""
"Revêtement de sol";"Revêtements sols";"Pose d'un parquet contre collé en pose flottante";"m²";"30";""
"Revêtement de sol";"Sols";"Pose margelle 3 cm ép compris jointement";"m²";"20";""
"Revêtement de sol";"Revêtements sols";"Primaire d'accrochage";"m²";"2.5";""
"Revêtement de sol";"Revêtements sols";"Traitement hydrofuge des dalles ";"m²";"3";""
"Revêtement mural";"";"Détapissage complet des supports";"m²";"11.5";""
"Revêtement mural";"";"Peinture mur velours  : Préparation, impression et 2 couches de finition";"m²";"12";""
"Revêtement mural";"";"Peinture plafond velours : Préparation, impression et 2 couches de finition velours";"m²";"11.5";""
"Revêtement mural";"";"Peinture porte à galandage : Préparation, impression et 2 couches de finition";"U";"70";""
"Revêtement mural";"";"Peinture poutre : Préparation, impression et 2 couches de finition";"U";"250";""
"Revêtement mural";"Revêtements mural";"Pose d'un carrelage murale compris encollage et jointement et primaire d'étanchéité pour SDB et WC";"F";"1745";""
"Revêtement mural";"";"Ratissage en 2 passes des supports à l'enduit fin, Ponçage";"m²";"15.2";""
"Ravalement";"";"Fourniture et pose d'agrafes";"F";"1390";""
"Ravalement";"";"Lavage avec jet à haute pression";"m²";"3.5";""
"Ravalement";"";"Mise en œuvre de baguette d'angle de finition";"F";"845";""
"Ravalement";"";"Ouverture des fissures";"F";"924";""
"Ravalement";"";"Préparation, application 2 couches de peinture mat façade, couleur approchante";"m²";"21";""
"Ravalement";"";"Préparation, application d'une couche de fixateur";"m²";"14";""
"Ravalement";"";"Réalisation de peinture appuis en terre cuite";"U";"95";""
"Ravalement";"";"Réalisation de peinture sous le porche RAL enduit";"F";"575";""
"Ravalement";"";"Réalisation d'un enduit monocouche finition gratté sur maison";"m²";"40";""
"Ravalement";"";"Rebouchage des fissures au mortier fibré de réparation";"F";"875";""
"Zinguerie";"";"Fourniture et pose de descente Alu diam 100";"ML";"30";""
"Zinguerie";"";"Fourniture et pose de gouttières Alu diam 100";"ML";"30";""
"Zinguerie";"";"Réalisation de couloir zinc au droit de la cheminée";"F";"385";""
"Initial";"Initiale";"Installation, amené et repli du matériels";"F";"650";""
"Initial";"Initiale";"Préparation chantier - Amené et repli du matériels - Déplacement - Etude d'exécution";"F";"350";""
"Initial";"Initial ";"Réalisation de plans d'exécution";"F";"5000";""
"Serrurerie";"";"Approvisionnement IPE";"F";"50";""
"Serrurerie";"";"Fourniture cornière pour IPE sur mesure";"U";"49";""
"Serrurerie";"";"Fourniture et pose de ratelier à vélo pour 5 emplacements en acier galvanisé compris toutes sujétions de fixation au sol";"U";"3";""
"Serrurerie";"";"Fourniture IPE 140 6 ml";"U";"114";""
"Serrurerie";"";"Pose cornière IPE sous plancher suivant plan implantation";"F";"494.1";""
"Clôture";"Cloture";"Fourniture et pose de chapeau plat béton";"ML";"52";""
"Clôture";"Cloture";"Fourniture et pose de lattes d'occultation en composite en remplissage des panneaux rigides, ht=1.73 m";"ml";"110";""
"Clôture";"Serrurerie";"Fourniture et pose de lattes d'occultation en composite en remplissage des panneaux rigides, ht=1.73 m, comprenant lattes intémédiaires et lattes d'extrémités, réglettes de fixation, lisse haute et triangles aluminium ainsi que toutes sujétions de mise en oeuvre.";"ml";"15";""
"Clôture";"";" Fourniture et pose de lattes d'occultation en PVC en remplissage des panneaux rigides, ht=1.53 m, comprenant lattes intermédiaires et lattes d'extrémités, réglettes de fixation, lisse haute et triangles aluminium";"ml";"283.14";""
"Clôture";"Serrurerie";"Fourniture et pose de panneau de protection et d’habillage (de type Decochoc de SPM) en PVC rigide antibactérien, classé M1 (Bs2d0) et coloré dans la masse";"U";"13";""
"Clôture";"";"Fourniture et pose de panneaux de clôture rigide métallique en fils d'acier soudés galvanisés plastifiés de 5 mm maille de 200 x 50 mm, ht=1.53 m,largeur de panneau 2,50 m compris pose sur poteaux à clips et toutes sujétion";"U";"167.31";""
"Clôture";"Serrurerie";"Fourniture et pose de panneaux de clôture rigide métallique en fils d'acier soudés galvanisés plastifiés de 5 mm maille de 200 x 50 mm, ht=1.73 m,largeur de panneau 2,50 m compris pose sur poteaux à clips et toutes sujétion.";"U";"20";""
"Clôture";"Serrurerie";"Fourniture et pose de panneaux de clôture rigide métallique en fils d'acier soudés galvanisés plastifiés de 5 mm maille de 200 x 50 mm, ht=1.73 m,largeur de panneau 2,50 m compris pose sur poteaux à clips et toutes sujétion.";"U";"25";""
"Clôture";"Cloture";"Fourniture et pose de panneaux de clôture rigide métallique ht=1.73 ml largeur de panneau 2,50 m";"ml";"35";""
"Clôture";"Serrurerie";"Fourniture et pose de poteaux métalliques à clips en tôle d'acier galvanisé plastifiés ht=1.23 m, entraxes 2,52m, section 66 x 50 mm compris platines d'ancrage, bouchon et crochets.";"U";"23";""
"Clôture";"";" Fourniture et pose de poteaux métalliques à clips en tôle d'acier galvanisé plastifiés ht=1.53 m, entraxes 2,52m, section 66 x 50 mm compris platines d'ancrage, bouchon et crochets.";"U";"146.72";""
"Clôture";"Serrurerie";"Fourniture et pose de poteaux métalliques à clips en tôle d'acier galvanisé plastifiés ht=1.73 m, entraxes 2,52m, section 66 x 50 mm compris platines d'ancrage, bouchon et crochets.";"U";"36";""
"Clôture";"Cloture";"Pose de cloture existantes ";"ml";"45";""
"Etanchéité";"";"Boite à eau alu";"U";"95.5";""
"Etanchéité";"";"Dalle béton ép entre 6 et 10 cm";"m²";"60";""
"Etanchéité";"";"Départ EP/TP par moignon et platine Alu";"U";"95.5";""
"Etanchéité";"";"deuxième couche etanchéitié";"m²";"21";""
"Etanchéité";"";"Ecran de désolidarisation";"m²";"13";""
"Etanchéité";"";"Première couche etanchéitié";"m²";"25";""
"Etanchéité";"";"Relevé auto protégé";"ml";"29";""
"Villa";"VILLA GO";"Amené et repli";"Ens";"2400";""
"Villa";"VILLA GO";"Appuis BA";"ml";"78";""
"Villa";"VILLA MEXT";"Baies vitrée ALUMINIUM VR";"U";"1890";""
"Villa";"VILLA CHARPENTE";"Bandeau PVC";"m3";"236.17";""
"Villa";"VILLA GO";"Bande de redressement";"U";"65";""
"Villa";"VILLA GO";"Béton fondations";"m3";"236.17";""
"Villa";"VILLA GO";"Calibric TH VPP";"m2";"48.09";""
"Villa";"VILLA CHARPENTE";"Charpente type fermette industrielle ";"m²";"50.5";""
"Villa";"VILLA CHARPENTE";"Couverture en tuile à emboitement";"m²";"38";""
"Villa";"VILLA GO";"Décapage TV ép. 30 cm stocké";"m3";"7.35";""
"Villa";"VILLA ZINGUERIE";"Descente EP en Aluminium";"ml";"25";""
"Villa";"VILLA GO";"Enduit ciment";"m2";"24";""
"Villa";"VILLA GO";"Evacuations de terre ";"m3";"22";""
"Villa";"VILLA GO";"Fourreaux sous dallage";"Ens";"760";""
"Villa";"VILLA ZINGUERIE";"Gouttière en aluminium";"ml";"23.5";""
"Villa";"VILLA GO";"Grille de défence ";"U";"110";""
"Villa";"VILLA GO";"Gros béton fondation";"m3";"170.5";""
"Villa";"VILLA GO";"Implantation";"Ens";"1500";""
"Villa";"VILLA CHARPENTE";"Lambris PVC";"m²";"38";""
"Villa";"VILLA GO";"Maçonnerie B40 VPP";"m2";"41";""
"Villa";"VILLA ZINGUERIE";"Naissance en aluminium";"U";"5.5";""
"Villa";"VILLA ZINGUERIE";"Noue";"ml";"38.5";""
"Villa";"VILLA MEXT";"Ouvrant PVC oscillo-battant 75x40 ";"U";"359";""
"Villa";"VILLA MEXT";"Ouvrant PVC oscillo-battant 75x60";"U";"323";""
"Villa";"VILLA MEXT";"Ouvrant PVC oscillo-battant 95x60 ";"U";"457";""
"Villa";"VILLA MEXT";"Ouvrant PVC + VR 125x120";"U";"567";""
"Villa";"VILLA CHARPENTE";"Planche de rive PVC";"ml";"35";""
"Villa";"VILLA GO";"Plancher vide sanitaire isolant ";"m²";"141";""
"Villa";"VILLA GO";"Porte de garage (Suivant choix Client)";"U";"1500";""
"Villa";"VILLA GO";"Porte d'entrée (Suivant choix Client)";"U";"2000";""
"Villa";"VILLA GO";"Porte de service (Suivant choix Client)";"U";"430";""
"Villa";"VILLA GO";"Poteau BA (Suivant plan béton)";"m3";"861.31";""
"Villa";"VILLA GO";"P.V. arase";"ml";"34";""
"Villa";"VILLA CHARPENTE";"PV ecran sous toiture ";"Ens";"5.5";""
"Villa";"VILLA GO";"PV finition lisse";"m2";"16";""
"Villa";"VILLA GO";"P.V. planelle brique RP=1,00";"ml";"10.66";""
"Villa";"VILLA GO";"P.V. raidisseur horizontal";"ml";"19.74";""
"Villa";"VILLA GO";"P.V. raidisseur vertical";"ml";"20.17";""
"Villa";"VILLA GO";"Ragréage fintions";"ens";"750";""
"Villa";"VILLA GO";"Regard de tringlage";"U";"108";""
"Villa";"VILLA GO";"Remblais périphérique avec terre stockee";"m3";"9";""
"Villa";"VILLA GO";"Réseaux sous dallages";"ml";"38";""
"Villa";"VILLA GO";"Seuil BA";"ml";"48";""
"Villa";"VILLA GO";"Soubassement B80";"m2";"50.78";""
"Villa";"VILLA GO";"Terrassement fondations";"m3";"49.29";""
"Villa";"VILLA CHARPENTE";"Tuile à douille ";"ml";"32";""
"Villa";"VILLA CHARPENTE";"Tuile chatière ";"U";"30";""
"Villa";"VILLA CHARPENTE";"Tuile faitage ";"m3";"7.35";""